{"cameraMode":{"drawMode":0,"name":"Shaded","section":"Shading Mode"},"sceneLighting":false,"audioPlay":false,"sceneViewState":{"showFog":true,"showMaterialUpdate":false,"showSkybox":false,"showFlares":true,"showImageEffects":true,"showParticleSystems":true},"in2DMode":false,"pivot":{"x":-2.8015193939208986,"y":2.2242040634155275,"z":55.356746673583987},"rotation":{"x":0.006078802514821291,"y":0.9940308332443237,"z":-0.08999648690223694,"w":0.06418512761592865},"size":6.071859836578369,"orthographic":false}