{"cameraMode":{"drawMode":0,"name":"Shaded","section":"Shading Mode"},"sceneLighting":false,"audioPlay":false,"sceneViewState":{"showFog":true,"showMaterialUpdate":false,"showSkybox":false,"showFlares":true,"showImageEffects":true,"showParticleSystems":true},"in2DMode":false,"pivot":{"x":0.007054805755615234,"y":0.07420200109481812,"z":0.3933674097061157},"rotation":{"x":-0.06200046464800835,"y":-0.9376546740531921,"z":0.22827745974063874,"w":-0.25467297434806826},"size":1.4672601222991944,"orthographic":false}