{"cameraMode":{"drawMode":0,"name":"Shaded","section":"Shading Mode"},"sceneLighting":false,"audioPlay":false,"sceneViewState":{"showFog":true,"showMaterialUpdate":false,"showSkybox":false,"showFlares":true,"showImageEffects":true,"showParticleSystems":true},"in2DMode":false,"pivot":{"x":3.0194311141967775,"y":1.8074910640716553,"z":21.073570251464845},"rotation":{"x":0.016083955764770509,"y":0.9783803820610046,"z":-0.1889791339635849,"w":0.08297446370124817},"size":6.89748477935791,"orthographic":false}