{"cameraMode":{"drawMode":0,"name":"Shaded","section":"Shading Mode"},"sceneLighting":false,"audioPlay":false,"sceneViewState":{"showFog":true,"showMaterialUpdate":false,"showSkybox":false,"showFlares":true,"showImageEffects":true,"showParticleSystems":true},"in2DMode":false,"pivot":{"x":7.370457172393799,"y":4.322972774505615,"z":15.195588111877442},"rotation":{"x":-0.013163836672902108,"y":-0.978606104850769,"z":0.06494840234518051,"w":-0.19538837671279908},"size":15.387907028198243,"orthographic":false}