{"cameraMode":{"drawMode":0,"name":"Shaded","section":"Shading Mode"},"sceneLighting":false,"audioPlay":false,"sceneViewState":{"showFog":true,"showMaterialUpdate":false,"showSkybox":false,"showFlares":true,"showImageEffects":true,"showParticleSystems":true},"in2DMode":false,"pivot":{"x":2.0093936920166017,"y":2.1543045043945314,"z":23.28261947631836},"rotation":{"x":-0.021846488118171693,"y":-0.9755096435546875,"z":0.11196259409189224,"w":-0.1886855661869049},"size":22.0,"orthographic":false}