{"cameraMode":{"drawMode":0,"name":"Shaded","section":"Shading Mode"},"sceneLighting":false,"audioPlay":false,"sceneViewState":{"showFog":true,"showMaterialUpdate":false,"showSkybox":false,"showFlares":true,"showImageEffects":true,"showParticleSystems":true},"in2DMode":false,"pivot":{"x":-1.3342069387435914,"y":0.9896199703216553,"z":53.13435363769531},"rotation":{"x":0.1360020637512207,"y":0.07692559063434601,"z":-0.010458653792738915,"w":0.9878129363059998},"size":4.543564796447754,"orthographic":false}