{"cameraMode":{"drawMode":0,"name":"Shaded","section":"Shading Mode"},"sceneLighting":false,"audioPlay":false,"sceneViewState":{"showFog":true,"showMaterialUpdate":false,"showSkybox":false,"showFlares":true,"showImageEffects":true,"showParticleSystems":true},"in2DMode":false,"pivot":{"x":10.19888687133789,"y":8.421690940856934,"z":41.38580322265625},"rotation":{"x":-0.028998149558901788,"y":-0.9682217836380005,"z":0.21120703220367433,"w":-0.1317155808210373},"size":28.423660278320314,"orthographic":false}