{"cameraMode":{"drawMode":0,"name":"Shaded","section":"Shading Mode"},"sceneLighting":false,"audioPlay":false,"sceneViewState":{"showFog":true,"showMaterialUpdate":false,"showSkybox":false,"showFlares":true,"showImageEffects":true,"showParticleSystems":true},"in2DMode":false,"pivot":{"x":0.000021956628188490868,"y":0.00003479071892797947,"z":-0.00017877807840704918},"rotation":{"x":-0.1916177123785019,"y":-0.6639978885650635,"z":0.18182405829429627,"w":-0.6996093392372131},"size":0.01541745662689209,"orthographic":false}