{"cameraMode":{"drawMode":0,"name":"Shaded","section":"Shading Mode"},"sceneLighting":false,"audioPlay":false,"sceneViewState":{"showFog":true,"showMaterialUpdate":false,"showSkybox":false,"showFlares":true,"showImageEffects":true,"showParticleSystems":true},"in2DMode":false,"pivot":{"x":3.402683973312378,"y":0.7696681618690491,"z":39.20578384399414},"rotation":{"x":0.1614820659160614,"y":-0.0402374267578125,"z":0.006722705904394388,"w":0.986182689666748},"size":1.6876754760742188,"orthographic":false}