{"cameraMode":{"drawMode":0,"name":"Shaded","section":"Shading Mode"},"sceneLighting":false,"audioPlay":false,"sceneViewState":{"showFog":true,"showMaterialUpdate":false,"showSkybox":false,"showFlares":true,"showImageEffects":true,"showParticleSystems":true},"in2DMode":false,"pivot":{"x":1.6445879936218262,"y":-0.35606932640075686,"z":22.26426124572754},"rotation":{"x":-0.11428779363632202,"y":-0.7932393550872803,"z":0.15686805546283723,"w":-0.5772866010665894},"size":6.693256855010986,"orthographic":false}