{"cameraMode":{"drawMode":0,"name":"Shaded","section":"Shading Mode"},"sceneLighting":false,"audioPlay":false,"sceneViewState":{"showFog":true,"showMaterialUpdate":false,"showSkybox":false,"showFlares":true,"showImageEffects":true,"showParticleSystems":true},"in2DMode":false,"pivot":{"x":1.1330515146255494,"y":-2.1902670860290529,"z":1.0875115394592286},"rotation":{"x":0.34933751821517947,"y":0.04859861359000206,"z":-0.018137127161026,"w":0.9357208609580994},"size":9.525930404663086,"orthographic":false}