{"cameraMode":{"drawMode":0,"name":"Shaded","section":"Shading Mode"},"sceneLighting":false,"audioPlay":false,"sceneViewState":{"showFog":true,"showMaterialUpdate":false,"showSkybox":false,"showFlares":true,"showImageEffects":true,"showParticleSystems":true},"in2DMode":false,"pivot":{"x":0.08426034450531006,"y":3.6307477951049806,"z":-0.3375006914138794},"rotation":{"x":-0.07652771472930908,"y":-0.9235408306121826,"z":0.25886622071266177,"w":-0.27269190549850466},"size":12.833456993103028,"orthographic":false}